,accuracy,macro_f1,macro_precision,macro_recall
openai_no_rag,0.8,0.7069763852446365,0.6904761904761905,0.7738095238095237
openai_with_rag,0.8285714285714286,0.8446428571428571,0.8422619047619048,0.9017857142857143
